subject_sync,Average Pupil Diameter [mm],AveragePupil Size [px] X
chem1_start_U1_I1_1,3.416409692,11.05792952
chem1_start_U1_I2_1,3.515358932,11.45976628
chem1_start_U1_I3_1,3.467141292,11.2177437
chem1_start_U2_I1_1,3.517539863,11.3166287
chem1_start_U2_I2_1,3.564509395,11.32849687
chem1_start_U2_I3_1,3.535259259,11.11007407
chem1_start_U3_I1_1,3.544054878,11.45929878
chem1_start_U3_I2_1,3.433388567,10.73189727
chem1_start_U3_I3_1,3.375153672,10.70284605
chem10_start_U1_I1_1,3.670850202,12.23218623
chem10_start_U1_I2_1,3.712051282,12.2474359
chem10_start_U1_S1_1,3.797637795,12.6023622
chem10_start_U1_S2_1,3.834177215,12.67531646
chem10_start_U2_I1_1,3.669915254,12.06271186
chem10_start_U2_I2_1,3.705156951,12.04372197
chem10_start_U2_S1_1,3.665757576,12.03454545
chem10_start_U2_S2_1,3.790261283,12.30831354
chem10_start_U3_I1_1,3.676862745,13.05039216
chem10_start_U3_I2_1,3.602698651,13.0125937
chem10_start_U3_S1_1,#N/A,#N/A
chem10_start_U3_S2_1,3.736574074,13.54907407
chem100_start_U1_F1_1,3.370382166,11.87643312
chem100_start_U1_F2_1,3.354468085,11.68170213
chem100_start_U1_F3_1,3.500772201,12.12895753
chem100_start_U1_I1_1,3.379150066,12.20783533
chem100_start_U1_I2_1,3.408423326,12.60345572
chem100_start_U2_F1_1,3.433208955,12.10895522
chem100_start_U2_F2_1,3.453061224,11.80306122
chem100_start_U2_F3_1,3.542857143,12.1484127
chem100_start_U2_I1_1,3.38826087,12.31521739
chem100_start_U2_I2_1,3.409945504,12.47138965
chem100_start_U3_F1_1,3.480952381,12.20952381
chem100_start_U3_F2_1,3.411111111,12.60740741
chem100_start_U3_F3_1,3.417857143,12.29642857
chem100_start_U3_I1_1,3.485123967,12.70909091
chem100_start_U3_I2_1,3.294902913,12.32912621
chem11_start_U1_F1_1,3.200884956,10.63163717
chem11_start_U1_F2_1,3.169078947,10.42065574
chem11_start_U1_I1_1,3.266587678,10.84194313
chem11_start_U1_I2_1,3.413353116,11.29317507
chem11_start_U1_S1_1,3.350746269,10.58208955
chem11_start_U1_S2_1,3.205555556,10.19111111
chem11_start_U2_F1_1,#N/A,#N/A
chem11_start_U2_F2_1,3.351612903,10.66903226
chem11_start_U2_I1_1,3.313316583,11.01633166
chem11_start_U2_I2_1,3.327927928,11.025
chem11_start_U2_S1_1,3.341791045,10.18507463
chem11_start_U2_S2_1,3.285245902,9.792063492
chem11_start_U3_F1_1,3.461355932,12.36067797
chem11_start_U3_F2_1,3.382868526,12.0374502
chem11_start_U3_I1_1,3.72745098,13.03921569
chem11_start_U3_I2_1,3.453262787,12.35679012
chem11_start_U3_S1_1,3.981632653,13.65510204
chem11_start_U3_S2_1,4.4616,13.916
Chem12_start_U1_I1_1,4.103614458,13.18253012
Chem12_start_U1_I2_1,4.18369906,14.0968652
Chem12_start_U1_I3_1,4.132923497,13.84385246
Chem12_start_U2_I1_1,4.04023569,13.48316498
Chem12_start_U2_I2_1,4.138152012,14.16482861
Chem12_start_U2_I3_1,4.227287582,14.25898693
Chem12_start_U3_I1_1,4.634595525,15.12753873
Chem12_start_U3_I2_1,4.519519231,14.84942308
Chem12_start_U3_I3_1,4.58628692,15.71276371
chem13_start_U1_F1_1,3.637327189,12.79861751
chem13_start_U1_F2_1,3.688990826,12.53058104
chem13_start_U1_F3_1,3.595307918,12.78152493
chem13_start_U1_I1_1,3.564322917,12.46744792
chem13_start_U1_I2_1,3.713506494,13.1825974
chem13_start_U2_F1_1,3.605775076,13.01458967
chem13_start_U2_F2_1,3.687943262,12.59397163
chem13_start_U2_F3_1,3.739563863,12.85950156
chem13_start_U2_I1_1,3.561386139,13.10767327
chem13_start_U2_I2_1,3.636893204,12.6802589
chem13_start_U3_F1_1,3.555369128,13.11409396
chem13_start_U3_F2_1,3.559016393,13.00262295
chem13_start_U3_F3_1,#N/A,#N/A
chem13_start_U3_I1_1,3.538596491,12.7914787
chem13_start_U3_I2_1,3.491902072,13.03653484
chem14_start_U1_F1_1,3.82425,16.59625
chem14_start_U1_F2_1,3.901453488,16.89331395
chem14_start_U1_F3_1,3.929299363,16.98757962
chem14_start_U1_I1_1,3.861330935,16.68093525
chem14_start_U1_I2_1,3.972493573,17.10822622
chem14_start_U2_F1_1,3.944571429,17.10028571
chem14_start_U2_F2_1,3.953082192,17.15856164
chem14_start_U2_F3_1,4.033950617,17.44660494
chem14_start_U2_I1_1,4.002099237,17.31164122
chem14_start_U2_I2_1,4.049,17.4912
chem14_start_U3_F1_1,4.007986111,14.62777778
chem14_start_U3_F2_1,3.948220065,14.40517799
chem14_start_U3_F3_1,3.986402266,14.47053824
chem14_start_U3_I1_1,4.06417004,14.53704453
chem14_start_U3_I2_1,3.982194245,14.62086331
chem15_start_U1_F1_1,3.677731959,14.27298969
chem15_start_U1_F2_1,3.677868852,14.55245902
chem15_start_U1_F3_1,3.644803695,14.22147806
chem15_start_U1_I1_1,3.68448,14.33792
chem15_start_U1_I2_1,3.669634703,14.59748858
chem15_start_U2_F1_1,3.643370787,14.15640449
chem15_start_U2_F2_1,3.605251641,13.65098468
chem15_start_U2_F3_1,#N/A,#N/A
chem15_start_U2_I1_1,3.65078534,14.29712042
chem15_start_U2_I2_1,3.739053254,14.46213018
chem15_start_U3_F1_1,3.673758865,15.14940898
chem15_start_U3_F2_1,3.685193133,15.18154506
chem15_start_U3_F3_1,3.687179487,14.96538462
chem15_start_U3_I1_1,3.664765101,15.05033557
chem15_start_U3_I2_1,3.657429245,15.24150943
chem16_start_U1_F1_1,3.897707736,14.59140401
chem16_start_U1_F2_1,3.886738351,14.33512545
chem16_start_U1_I1_1,3.763241107,14.04407115
chem16_start_U1_I2_1,3.822527473,14.29313187
chem16_start_U1_S1_1,3.780963303,14.19220183
chem16_start_U1_S2_1,3.895675676,14.61621622
chem16_start_U2_F1_1,3.921656051,14.45286624
chem16_start_U2_F2_1,3.929889299,14.63911439
chem16_start_U2_I1_1,3.7125,13.97565789
chem16_start_U2_I2_1,3.764016736,14.18158996
chem16_start_U2_S1_1,3.85,14.439801
chem16_start_U2_S2_1,3.921895425,14.97810458
chem16_start_U3_F1_1,4.285664336,15.28811189
chem16_start_U3_F2_1,4.153225806,15.13193548
chem16_start_U3_I1_1,4.172771084,14.9660241
chem16_start_U3_I2_1,4.109499136,14.83091537
chem16_start_U3_S1_1,4.262758621,15.32413793
chem16_start_U3_S2_1,4.4,16.275
chem18_start_U1_I1_1,3.957983193,13.95714286
chem18_start_U1_I2_1,4.037142857,14.20349206
chem18_start_U1_I3_1,3.961904762,13.93533835
chem18_start_U2_I1_1,3.98018648,14.17622378
chem18_start_U2_I2_1,4.05971223,14.30911271
chem18_start_U2_I3_1,4.002201258,14.00880503
chem18_start_U3_I1_1,4.05576324,14.24018692
chem18_start_U3_I2_1,3.86294896,13.47826087
chem18_start_U3_I3_1,4.036842105,14.33382456
chem19_start_U1_I1_1,4.193119266,13.70504587
chem19_start_U1_I2_1,4.277060932,13.6983871
chem19_start_U1_S1_1,4.393374422,14.25208012
chem19_start_U1_S2_1,4.456747405,14.30934256
chem19_start_U2_I1_1,4.213244048,13.60282738
chem19_start_U2_I2_1,4.260606061,13.6179798
chem19_start_U2_S1_1,4.338989899,14.11090909
chem19_start_U2_S2_1,4.421095008,14.22222222
chem19_start_U3_I1_1,4.15777439,14.15792683
chem19_start_U3_I2_1,4.098410175,14.15325914
chem19_start_U3_S1_1,4.347046843,15.07861507
chem19_start_U3_S2_1,4.198381877,14.49676375
chem2_start_U1_F1_1,3.46440678,13.0252354
chem2_start_U1_F2_1,3.53153527,13.19751037
chem2_start_U1_F3_1,3.472345133,12.80022124
chem2_start_U1_I1_1,3.463821892,13.04025974
chem2_start_U1_I2_1,3.510249307,13.08254848
chem2_start_U2_F1_1,3.528504673,13.07313084
chem2_start_U2_F2_1,3.8625,14.3125
chem2_start_U2_F3_1,3.593831169,13.06753247
chem2_start_U2_I1_1,3.556896552,13.31494253
chem2_start_U2_I2_1,3.60660066,13.38712871
chem2_start_U3_F1_1,3.906889353,13.80835073
chem2_start_U3_F2_1,3.72905569,13.29418886
chem2_start_U3_F3_1,3.665087282,13.03715711
chem2_start_U3_I1_1,3.888821752,13.72462236
chem2_start_U3_I2_1,3.721454994,13.25104809
chem20_start_U1_I1_1,3.142631579,12.45982456
chem20_start_U1_I2_1,3.23253012,12.3062249
chem20_start_U1_S1_1,3.154938272,12.32530864
chem20_start_U1_S2_1,3.249168646,12.58741093
chem20_start_U2_I1_1,3.201581028,12.24960474
chem20_start_U2_I2_1,3.206097561,12.42787456
chem20_start_U2_S1_1,3.134836066,11.74631148
chem20_start_U2_S2_1,3.23028169,12.43408451
chem20_start_U3_I1_1,3.692488263,12.36220657
chem20_start_U3_I2_1,3.4862969,13.57569331
chem20_start_U3_S1_1,3.57240566,13.60023585
chem20_start_U3_S2_1,3.560273973,12.4456621
chem21_start_U1_F1_1,4.112631579,14.99973684
chem21_start_U1_F2_1,4.031641791,14.54686567
chem21_start_U1_F3_1,3.937919463,14.1466443
chem21_start_U1_I1_1,#N/A,#N/A
chem21_start_U1_I2_1,4.159345794,15.19392523
chem21_start_U2_F1_1,4.105555556,14.51512346
chem21_start_U2_F2_1,4.041877256,14.59566787
chem21_start_U2_F3_1,4.10669145,14.49776952
chem21_start_U2_I1_1,4.06640625,14.56054688
chem21_start_U2_I2_1,4.103393665,15.38959276
chem21_start_U3_F1_1,4.012714777,14.4975945
chem21_start_U3_F2_1,3.961956522,14.47572464
chem21_start_U3_F3_1,3.90733945,14.55
chem21_start_U3_I1_1,4.167068273,14.82851406
chem21_start_U3_I2_1,3.995376486,14.71955086
chem22_start_U1_F1_1,#N/A,#N/A
chem22_start_U1_F2_1,3.987688442,15.61306533
chem22_start_U1_I1_1,3.911642412,15.68586279
chem22_start_U1_I2_1,4.020300752,16.01929825
chem22_start_U1_S1_1,4.018925234,16.12943925
chem22_start_U1_S2_1,#N/A,#N/A
chem22_start_U2_F1_1,4.028282828,15.86565657
chem22_start_U2_F2_1,4.032368421,16.09447368
chem22_start_U2_I1_1,3.907504363,15.98027923
chem22_start_U2_I2_1,4.033452594,15.83076923
chem22_start_U2_S1_1,3.971882086,16.48367347
chem22_start_U2_S2_1,4,16.65034965
chem22_start_U3_F1_1,4.342367601,15.77538941
chem22_start_U3_F2_1,4.302479339,15.65509642
chem22_start_U3_I1_1,#N/A,#N/A
chem22_start_U3_I2_1,4.202056962,15.56550633
chem22_start_U3_S1_1,4.340825688,15.91376147
chem22_start_U3_S2_1,4.277435897,15.84384615
chem23_start_U1_F1_1,4.680128205,20.06474359
chem23_start_U1_F2_1,4.71372549,19.94044118
chem23_start_U1_I1_1,4.568199234,19.55862069
chem23_start_U1_I2_1,4.684782609,20.0807971
chem23_start_U1_S1_1,4.538942308,19.44110577
chem23_start_U1_S2_1,4.556690998,19.39975669
chem23_start_U2_F1_1,4.621875,19.86678201
chem23_start_U2_F2_1,4.655614973,19.17085561
chem23_start_U2_I1_1,4.53850365,19.27208029
chem23_start_U2_I2_1,4.654658385,19.78913043
chem23_start_U2_S1_1,4.530654762,19.34732143
chem23_start_U2_S2_1,4.585992218,19.17937743
chem23_start_U3_F1_1,5.140437158,19.27540984
chem23_start_U3_F2_1,4.988643533,18.47223975
chem23_start_U3_I1_1,5.109581882,19.53101045
chem23_start_U3_I2_1,4.887166455,18.57229987
chem23_start_U3_S1_1,5.050913242,19.03858447
chem23_start_U3_S2_1,4.888235294,18.22076125
chem24_start_U1_I1_1,4.761904762,14.73654676
chem24_start_U1_I2_1,5.032298137,15.14782609
chem24_start_U1_I3_1,4.823529412,14.72097187
chem24_start_U2_I1_1,4.800452489,14.71470588
chem24_start_U2_I2_1,4.960932476,14.89742765
chem24_start_U2_I3_1,4.939679715,14.95391459
chem25_start_U1_I1_1,4.195826645,16.64542536
chem25_start_U1_I2_1,4.228267477,16.63905775
chem25_start_U1_I3_1,4.032357247,16.615959
chem25_start_U2_I1_1,4.029204893,16.52033639
chem25_start_U2_I2_1,4.225261324,17.5510453
chem25_start_U2_I3_1,4.093650794,16.79801587
chem25_start_U3_I1_1,3.861538462,14.94746318
chem25_start_U3_I2_1,3.790028763,15.01965484
chem25_start_U3_I3_1,3.867627051,15.68511405
chem26_start_U1_I1_1,3.691484716,13.1069869
chem26_start_U1_I2_1,3.721220159,13.24986737
chem26_start_U1_S1_1,3.757222222,13.45722222
chem26_start_U1_S2_1,3.730630631,13.28648649
chem26_start_U2_I1_1,3.669775475,12.97443869
chem26_start_U2_I2_1,3.729213483,13.20730337
chem26_start_U2_S1_1,3.650649351,12.92305195
chem26_start_U2_S2_1,3.739658444,13.28178368
chem26_start_U3_I1_1,3.596828358,13.20988806
chem26_start_U3_I2_1,#N/A,#N/A
chem26_start_U3_S1_1,3.604775281,13.24775281
chem26_start_U3_S2_1,3.552037618,13.02225705
chem27_start_U1_I1_1,3.458035714,12.02522321
chem27_start_U1_I2_1,3.659944751,11.92237569
chem27_start_U1_I3_1,3.503455724,12.17278618
chem27_start_U2_I1_1,3.401366743,12.34874715
chem27_start_U2_I2_1,3.522170901,12.18383372
chem27_start_U2_I3_1,3.464912281,12.01152882
chem27_start_U3_I1_1,3.305152225,10.69859485
chem27_start_U3_I2_1,#N/A,#N/A
chem27_start_U3_I3_1,3.486278767,11.38779852
chem28_start_U1_I1_1,3.635204082,13.23758503
chem28_start_U1_I2_1,3.725949367,13.28755274
chem28_start_U1_S1_1,3.674825175,13.41713287
chem28_start_U1_S2_1,3.725595238,13.45267857
chem28_start_U2_I1_1,3.730415755,13.41509847
chem28_start_U2_I2_1,3.800452489,13.35475113
chem28_start_U2_S1_1,3.643087558,13.16658986
chem28_start_U2_S2_1,3.762096774,13.15215054
chem28_start_U3_I1_1,3.377948718,13.19794872
chem28_start_U3_I2_1,3.323715415,12.26205534
chem28_start_U3_S1_1,3.328391167,13.18864353
chem28_start_U3_S2_1,3.275232198,12.20402477
chem29_start_U1_F1_1,#N/A,#N/A
chem29_start_U1_F2_1,4.212938005,15.17250674
chem29_start_U1_I1_1,4.097305389,14.33502994
chem29_start_U1_I2_1,4.177623762,14.72316832
chem29_start_U1_S1_1,4.004305556,14.32708333
chem29_start_U1_S2_1,4.205963303,14.99541284
chem29_start_U2_F1_1,4.557894737,13.91
chem29_start_U2_F2_1,#N/A,#N/A
chem29_start_U2_I1_1,4.050569106,13.86747967
chem29_start_U2_I2_1,4.475,15.29615385
chem29_start_U2_S1_1,4.215930902,14.45700576
chem29_start_U2_S2_1,4.44,15.1
chem29_start_U3_F1_1,4.34869281,16.83300654
chem29_start_U3_F2_1,4.14245283,15.93333333
chem29_start_U3_I1_1,4.35807327,17.0495251
chem29_start_U3_I2_1,4.116133163,15.96325224
chem29_start_U3_S1_1,4.247911548,16.5009828
chem29_start_U3_S2_1,4.029925187,15.72094763
chem3_start_U1_I1_1,4.147701149,14.16398467
chem3_start_U1_I2_1,4.05014245,14.37692308
chem3_start_U1_S1_1,3.881858407,13.61238938
chem3_start_U1_S2_1,4.037394958,14.07016807
chem3_start_U2_I1_1,3.945060659,13.61057192
chem3_start_U2_I2_1,3.87745098,14.0572549
chem3_start_U2_S1_1,3.762830189,13.51660377
chem3_start_U2_S2_1,3.917664234,13.97532847
chem3_start_U3_I1_1,3.998181818,14.4969697
chem3_start_U3_I2_1,3.857174888,13.9882287
chem3_start_U3_S1_1,3.894009217,14.07603687
chem3_start_U3_S2_1,3.818595041,13.58842975
chem30_start_U1_I1_1,4.091119691,13.73185328
chem30_start_U1_I2_1,4.169762419,13.95485961
chem30_start_U1_S1_1,4.167088608,13.99873418
chem30_start_U1_S2_1,4.307291667,14.2609375
chem30_start_U2_I1_1,4.117657658,13.6990991
chem30_start_U2_I2_1,4.221081081,14.07747748
chem30_start_U2_S1_1,4.213636364,14.41420455
chem30_start_U2_S2_1,4.252340426,14.22617021
chem30_start_U3_I1_1,4.361044177,16.30823293
chem30_start_U3_I2_1,4.181960227,16.04701705
chem30_start_U3_S1_1,4.386086957,16.80724638
chem30_start_U3_S2_1,4.309336609,16.64324324
chem31_start_U1_I1_1,3.952861953,13.66835017
chem31_start_U1_I2_1,4.013242009,13.8261796
chem31_start_U1_I3_1,3.993895671,13.63196448
chem31_start_U2_I1_1,3.999115044,13.78687316
chem31_start_U2_I2_1,3.986595174,13.81058981
chem31_start_U2_I3_1,3.994117647,13.88431373
chem31_start_U3_I1_1,4.132978723,14.44840426
chem31_start_U3_I2_1,4.064476615,13.90334076
chem31_start_U3_I3_1,4.203140547,14.52220149
chem32_start_U1_F1_1,3.792346939,12.47193878
chem32_start_U1_F2_1,3.831282051,12.54205128
chem32_start_U1_I1_1,3.846268657,12.94253731
chem32_start_U1_I2_1,3.880760095,13.44489311
chem32_start_U1_S1_1,3.835606061,12.90808081
chem32_start_U1_S2_1,3.896741855,13.00300752
chem32_start_U2_F1_1,3.897212544,12.86202091
chem32_start_U2_F2_1,3.948148148,13.05231481
chem32_start_U2_I1_1,3.91996587,13.00631399
chem32_start_U2_I2_1,3.971252567,13.22402464
chem32_start_U2_S1_1,3.927173913,12.99746377
chem32_start_U2_S2_1,4.014723926,13.47423313
chem32_start_U3_F1_1,4.008661417,14.07742782
chem32_start_U3_F2_1,3.9946875,13.654375
chem32_start_U3_I1_1,4.075658915,14.1896124
chem32_start_U3_I2_1,4.010330579,13.93085399
chem32_start_U3_S1_1,4.086757991,14.10547945
chem32_start_U3_S2_1,4.037283951,14.18419753
chem33_start_U1_I1_1,3.771166667,12.769
chem33_start_U1_I2_1,3.869794721,13.06158358
chem33_start_U1_I3_1,3.795704467,12.88487973
chem33_start_U2_I1_1,3.797731959,12.78226804
chem33_start_U2_I2_1,3.946466809,13.3
chem33_start_U2_I3_1,3.862171053,12.96644737
chem33_start_U3_I1_1,3.757617729,14.57977839
chem33_start_U3_I2_1,3.794360902,14.91184211
chem33_start_U3_I3_1,3.917822736,15.47697495
chem34_start_U1_I1_1,4.005506217,13.030373
chem34_start_U1_I2_1,4.003678161,13.20091954
chem34_start_U1_S1_1,3.858401639,13.11209016
chem34_start_U1_S2_1,3.945,13.10826923
chem34_start_U2_I1_1,3.870737327,13.10852535
chem34_start_U2_I2_1,4.070905923,13.22439024
chem34_start_U2_S1_1,3.906356968,13.09584352
chem34_start_U2_S2_1,4.043095238,13.04142857
chem34_start_U3_I1_1,3.742200328,12.86929392
chem34_start_U3_I2_1,3.773082707,13.08887218
chem34_start_U3_S1_1,3.733846154,12.98205128
chem34_start_U3_S2_1,3.680696203,12.98765823
chem36_start_U1_I1_1,3.528571429,12.23046472
chem36_start_U1_I2_1,3.720168067,12.86246499
chem36_start_U1_I3_1,3.631465517,12.44698276
chem36_start_U2_I1_1,3.561038961,12.28961039
chem36_start_U2_I2_1,3.7465,12.65266667
chem36_start_U2_I3_1,3.744620811,12.23950617
chem36_start_U3_I1_1,3.5716141,14.32745826
chem36_start_U3_I2_1,3.46185446,13.94823944
chem36_start_U3_I3_1,3.654434251,14.90948012
chem37_start_U1_I1_1,3.732645403,12.31557223
chem37_start_U1_I2_1,3.833262712,11.85932203
chem37_start_U1_I3_1,3.813636364,11.41857708
chem37_start_U2_I1_1,3.883265306,11.26367347
chem37_start_U2_I2_1,3.96953125,11.32695313
chem37_start_U2_I3_1,3.722020202,13.47454545
chem37_start_U3_I1_1,3.542105263,13.70250627
chem37_start_U3_I2_1,3.484349259,13.86425041
chem37_start_U3_I3_1,3.509421642,13.62341418
chem38_start_U1_F1_1,3.958078603,12.48122271
chem38_start_U1_F2_1,4.026056338,12.70140845
chem38_start_U1_I1_1,3.929142857,12.58495238
chem38_start_U1_I2_1,4.056473829,12.87300275
chem38_start_U1_S1_1,3.913081395,12.45523256
chem38_start_U1_S2_1,4.066339869,12.77222222
chem38_start_U2_F1_1,3.962603878,12.53213296
chem38_start_U2_F2_1,4.024129353,12.96915423
chem38_start_U2_I1_1,3.933741259,12.59230769
chem38_start_U2_I2_1,3.930128205,12.44951923
chem38_start_U2_S1_1,3.973290598,12.79551282
chem38_start_U2_S2_1,3.933111111,12.41777778
chem38_start_U3_F1_1,3.856195965,14.42507205
chem38_start_U3_F2_1,3.887234043,14.36778116
chem38_start_U3_I1_1,3.805231388,13.94647887
chem38_start_U3_I2_1,3.838473768,14.11430843
chem38_start_U3_S1_1,3.940956341,14.59272349
chem38_start_U3_S2_1,3.815841584,14.31518152
chem39_start_U1_F1_1,3.958108108,13.1125
chem39_start_U1_F2_1,3.860700389,12.71206226
chem39_start_U1_F3_1,3.885909091,12.66636364
chem39_start_U1_I1_1,3.665922921,12.6336714
chem39_start_U1_I2_1,3.768126521,12.67615572
chem39_start_U2_F1_1,3.902202643,12.64845815
chem39_start_U2_F2_1,3.9,12.69090909
chem39_start_U2_F3_1,4.436363636,14.02727273
chem39_start_U2_I1_1,3.71511879,12.31555076
chem39_start_U2_I2_1,3.744869215,12.60744467
chem39_start_U3_F1_1,3.40251046,11.52426778
chem39_start_U3_F2_1,3.311926606,11.4412844
chem39_start_U3_F3_1,3.343577982,11.52752294
chem39_start_U3_I1_1,3.315012723,11.21628499
chem39_start_U3_I2_1,3.205073996,11.19069767
chem4_start_U1_I1_1,3.197648903,11.46912226
chem4_start_U1_I2_1,3.273629243,11.36057441
chem4_start_U1_S1_1,3.251735537,11.38280992
chem4_start_U1_S2_1,3.350774527,11.80430293
chem4_start_U2_I1_1,3.209012132,11.4745234
chem4_start_U2_I2_1,3.257990115,11.47578254
chem4_start_U2_S1_1,3.24198895,11.67127072
chem4_start_U2_S2_1,3.345471014,11.88025362
chem4_start_U3_I1_1,3.702825746,13.03877551
chem4_start_U3_I2_1,3.530434783,12.77519763
chem4_start_U3_S1_1,3.700194932,13.23840156
chem4_start_U3_S2_1,3.526578947,12.83394737
chem40_start_U1_F1_1,3.987854251,15.37267206
chem40_start_U1_F2_1,4.031742243,15.67231504
chem40_start_U1_I1_1,3.942229199,15.43359498
chem40_start_U1_I2_1,4.038703704,15.65796296
chem40_start_U1_S1_1,4.032631579,15.70842105
chem40_start_U1_S2_1,4.118546366,15.97192982
chem40_start_U2_F1_1,4.015022422,15.70807175
chem40_start_U2_F2_1,3.932034632,15.7034632
chem40_start_U2_I1_1,3.992791411,15.66993865
chem40_start_U2_I2_1,4.00461285,15.66095552
chem40_start_U2_S1_1,3.968712871,15.56712871
chem40_start_U2_S2_1,3.98992674,15.88186813
chem40_start_U3_F1_1,4.060135135,15.35833333
chem40_start_U3_F2_1,4.084353741,15.28163265
chem40_start_U3_I1_1,4.181424149,15.5374613
chem40_start_U3_I2_1,3.998098434,15.11040268
chem40_start_U3_S1_1,4.182342007,15.8795539
chem40_start_U3_S2_1,4.049199085,15.26430206
chem41_start_U1_F1_1,3.710588235,12.45294118
chem41_start_U1_F2_1,3.669354839,12.7233871
chem41_start_U1_I1_1,3.672222222,12.7147343
chem41_start_U1_I2_1,3.726277372,12.72189781
chem41_start_U1_S1_1,3.621556886,12.57305389
chem41_start_U1_S2_1,3.867948718,13.42531646
chem41_start_U2_F1_1,3.775527426,13.07805907
chem41_start_U2_F2_1,3.876771654,13.55411765
chem41_start_U2_I1_1,3.690612245,12.91469388
chem41_start_U2_I2_1,3.808116883,12.74772727
chem41_start_U2_S1_1,#N/A,#N/A
chem41_start_U2_S2_1,4.008108108,12.71733333
chem41_start_U3_F1_1,3.566964286,14.08571429
chem41_start_U3_F2_1,3.528653295,13.5756447
chem41_start_U3_I1_1,3.585371179,13.81593886
chem41_start_U3_I2_1,3.510366826,13.78564593
chem41_start_U3_S1_1,3.542121212,13.91151515
chem41_start_U3_S2_1,3.47204611,13.7556196
chem42_start_U1_I1_1,3.229894737,11.47642105
chem42_start_U1_I2_1,3.299838969,12.34347826
chem42_start_U1_I3_1,3.262129145,12.15357766
chem42_start_U2_I1_1,3.218181818,12.19982517
chem42_start_U2_I2_1,3.270462633,12.21992883
chem42_start_U2_I3_1,3.215662651,11.61927711
chem42_start_U3_I1_1,3.121641791,11.06243781
chem42_start_U3_I2_1,3.004054054,10.79942085
chem42_start_U3_I3_1,3.085714286,11.20086059
chem43_start_U1_I1_1,3.698409091,12.95409091
chem43_start_U1_I2_1,3.688533333,12.91093333
chem43_start_U1_S1_1,3.707804878,12.66682927
chem43_start_U1_S2_1,3.707328605,12.75035461
chem43_start_U2_I1_1,3.607692308,12.71164241
chem43_start_U2_I2_1,3.647379032,12.70745968
chem43_start_U2_S1_1,3.593442623,12.46557377
chem43_start_U2_S2_1,3.567105263,12.60745614
chem43_start_U3_I1_1,3.978229665,14.434689
chem43_start_U3_I2_1,3.897749196,13.8914791
chem43_start_U3_S1_1,3.966037736,13.91108491
chem43_start_U3_S2_1,3.895224719,13.66179775
chem44_start_U1_I1_1,2.837547893,9.115708812
chem44_start_U1_I2_1,2.885,9.189090909
chem44_start_U1_S1_1,2.988372093,9.290697674
chem44_start_U1_S2_1,2.88,9.053333333
chem44_start_U2_I1_1,2.871179039,9.015283843
chem44_start_U2_I2_1,3.000425532,9.384680851
chem44_start_U2_S1_1,3.051515152,8.83030303
chem44_start_U2_S2_1,3.862790698,11.96511628
chem44_start_U3_I1_1,2.908780488,9.747317073
chem44_start_U3_I2_1,2.949723757,9.708563536
chem44_start_U3_S1_1,3.243939394,10.37272727
chem44_start_U3_S2_1,3.843076923,11.63384615
chem45_start_U1_I1_1,3.367493797,12.03498759
chem45_start_U1_I2_1,3.493390805,12.50344828
chem45_start_U1_I3_1,3.438625592,12.32985782
chem45_start_U2_I1_1,3.458571429,12.34673469
chem45_start_U2_I2_1,3.47693475,12.40257967
chem45_start_U2_I3_1,3.507322654,12.69199085
chem45_start_U3_I1_1,3.883966245,11.80126582
chem45_start_U3_I2_1,3.804492512,11.61813644
chem45_start_U3_I3_1,3.889271417,12.16301041
chem46_start_U1_F1_1,4.719934641,15.73431373
chem46_start_U1_F2_1,4.705228758,15.45947712
chem46_start_U1_I1_1,4.661560284,14.92652482
chem46_start_U1_I2_1,4.766569767,15.8497093
chem46_start_U1_S1_1,4.720754717,15.74957118
chem46_start_U1_S2_1,4.85627907,16.05046512
chem46_start_U2_F1_1,4.75521327,15.87677725
chem46_start_U2_F2_1,5.000681818,17.77727273
chem46_start_U2_I1_1,4.609494949,15.4410101
chem46_start_U2_I2_1,5.061622465,18.14040562
chem46_start_U2_S1_1,4.578787879,16.11494949
chem46_start_U2_S2_1,5.183235867,18.72358674
chem46_start_U3_F1_1,4.870720721,16.51103604
chem46_start_U3_F2_1,4.839341421,16.18544194
chem46_start_U3_I1_1,4.89480315,16.91952756
chem46_start_U3_I2_1,4.754525627,16.09203926
chem46_start_U3_S1_1,4.952810903,17.16643952
chem46_start_U3_S2_1,4.770575221,16.20707965
chem47_start_U1_I1_1,3.916135881,14.33036093
chem47_start_U1_I2_1,4.055504587,15.60183486
chem47_start_U1_I3_1,3.905761317,15.26748971
chem47_start_U2_I1_1,4.012631579,14.408
chem47_start_U2_I2_1,4.131800766,15.52126437
chem47_start_U2_I3_1,4.030259366,14.4925072
chem47_start_U3_I1_1,4.16996124,14.33953488
chem47_start_U3_I2_1,4.203343023,14.84011628
chem47_start_U3_I3_1,4.492704626,15.67158956
chem48_start_U1_I1_1,3.360934891,10.79899833
chem48_start_U1_I2_1,3.430283224,10.74291939
chem48_start_U1_I3_1,3.422912966,10.79982238
chem48_start_U2_I1_1,3.503899371,11.17044025
chem48_start_U2_I2_1,3.475358852,10.89150718
chem48_start_U2_I3_1,3.456188605,10.64695481
chem48_start_U3_I1_1,3.867096774,14.28150538
chem48_start_U3_I2_1,3.933036849,14.91918679
chem48_start_U3_I3_1,3.983582917,14.67271215
chem49_start_U1_F1_1,3.246013667,11.59179954
chem49_start_U1_F2_1,3.183693046,11.09904077
chem49_start_U1_I1_1,3.175757576,11.5342803
chem49_start_U1_I2_1,3.258612975,11.69642058
chem49_start_U1_S1_1,3.308933002,11.79875931
chem49_start_U1_S2_1,3.37884058,11.90289855
chem49_start_U2_F1_1,3.315315315,11.07027027
chem49_start_U2_F2_1,3.373590504,11.07507418
chem49_start_U2_I1_1,3.268483816,11.09540034
chem49_start_U2_I2_1,3.33654267,11.21881838
chem49_start_U2_S1_1,3.316666667,10.97916667
chem49_start_U2_S2_1,3.448395062,11.40246914
chem49_start_U3_F1_1,3.450139276,13.22256267
chem49_start_U3_F2_1,3.362372881,12.53254237
chem49_start_U3_I1_1,3.474709977,13.24849188
chem49_start_U3_I2_1,3.40562701,12.89485531
chem49_start_U3_S1_1,3.514181818,13.39090909
chem49_start_U3_S2_1,3.40733945,12.75229358
chem5_start_U1_F1_1,4.231904762,15.40333333
chem5_start_U1_F2_1,4.076333333,15.62491694
chem5_start_U1_I1_1,4.134294872,15.35064103
chem5_start_U1_I2_1,4.272885572,15.50870647
chem5_start_U1_S1_1,4.193148148,15.58685185
chem5_start_U1_S2_1,4.208016032,15.64529058
chem5_start_U2_F1_1,4.138848921,15.83956835
chem5_start_U2_F2_1,4.144709898,15.99795222
chem5_start_U2_I1_1,4.071004566,15.59520548
chem5_start_U2_I2_1,#N/A,#N/A
chem5_start_U2_S1_1,4.078846154,15.91785714
chem5_start_U2_S2_1,4.245584416,16.75584416
chem5_start_U3_F1_1,4.483433735,16.25662651
chem5_start_U3_F2_1,4.319391635,15.64296578
chem5_start_U3_I1_1,4.445535714,16.39517857
chem5_start_U3_I2_1,4.328614762,16.01547017
chem5_start_U3_S1_1,4.381707317,16.42268293
chem5_start_U3_S2_1,4.19154334,15.53234672
Chem50_start_U1_I1_1,2.68248337,9.738137472
Chem50_start_U1_I2_1,2.771621622,10.03513514
Chem50_start_U1_I3_1,2.644693878,10.05163265
Chem50_start_U2_I1_1,2.735440181,9.771331828
Chem50_start_U2_I2_1,2.906304729,9.313485114
Chem50_start_U2_I3_1,2.809662921,9.338426966
Chem50_start_U3_I1_1,2.861479592,9.982397959
Chem50_start_U3_I2_1,2.774477612,9.904477612
Chem50_start_U3_I3_1,2.822183588,10.18358832
chem51_start_U1_I1_1,3.609484536,13.82226804
chem51_start_U1_I2_1,3.648076923,13.8456044
chem51_start_U1_S1_1,3.543626062,13.40084986
chem51_start_U1_S2_1,3.579294118,13.42211765
chem51_start_U2_I1_1,3.553166987,13.44203455
chem51_start_U2_I2_1,3.645986985,13.78611714
chem51_start_U2_S1_1,3.45821727,13.01671309
chem51_start_U2_S2_1,3.560955056,13.19044944
chem51_start_U3_I1_1,3.785249458,13.51147186
chem51_start_U3_I2_1,3.772797927,13.31411917
chem51_start_U3_S1_1,3.843161094,13.51823708
chem51_start_U3_S2_1,3.846354167,13.24739583
chem52_start_U1_F1_1,4.313793103,14.5387931
chem52_start_U1_F2_1,4.3865625,14.6659375
chem52_start_U1_I1_1,4.296325879,14.41485623
chem52_start_U1_I2_1,4.473354232,15.07554859
chem52_start_U1_S1_1,4.201629328,14.50488798
chem52_start_U1_S2_1,4.36733945,14.69963303
chem52_start_U2_F1_1,4.389962825,14.78550186
chem52_start_U2_F2_1,4.3188,14.5712
chem52_start_U2_I1_1,4.323389831,14.74568528
chem52_start_U2_I2_1,4.347524752,14.33712871
chem52_start_U2_S1_1,4.225525526,14.01231231
chem52_start_U2_S2_1,4.256696429,14.33504464
chem52_start_U3_F1_1,4.02996633,14.14747475
chem52_start_U3_F2_1,3.968181818,13.78474026
chem52_start_U3_I1_1,3.91239531,13.62244556
chem52_start_U3_I2_1,3.873206442,13.63279649
chem52_start_U3_S1_1,3.809594096,13.07933579
chem52_start_U3_S2_1,3.769198312,13.09662447
chem53_start_U1_F1_1,3.490619469,13.48745583
chem53_start_U1_F2_1,3.394308943,13.675
chem53_start_U1_F3_1,3.524260355,13.21568047
chem53_start_U1_I1_1,3.403950617,12.7545679
chem53_start_U1_I2_1,3.510508475,13.90949153
chem53_start_U2_F1_1,3.574698795,13.67078313
chem53_start_U2_F2_1,3.478328173,13.24396285
chem53_start_U2_F3_1,3.56984127,13.51777778
chem53_start_U2_I1_1,3.426284585,13.04130435
chem53_start_U2_I2_1,3.4184573,13.54049587
chem53_start_U3_F1_1,4.018867925,12.85660377
chem53_start_U3_F2_1,3.860335196,12.5773743
chem53_start_U3_F3_1,3.781012658,12.45537975
chem53_start_U3_I1_1,3.872853828,12.60835267
chem53_start_U3_I2_1,3.902292769,12.62751323
chem54_start_U1_F1_1,3.422321429,14.01540179
chem54_start_U1_F2_1,3.500598802,14.77095808
chem54_start_U1_I1_1,3.769751693,14.51309255
chem54_start_U1_I2_1,3.667197452,15.0111465
chem54_start_U1_S1_1,3.641237113,14.98178694
chem54_start_U1_S2_1,3.762732919,15.94099379
chem54_start_U2_F1_1,3.530844156,14.40584416
chem54_start_U2_F2_1,4.113333333,13.37757576
chem54_start_U2_I1_1,3.609836066,15.05344262
chem54_start_U2_I2_1,4.01851543,13.07289408
chem54_start_U2_S1_1,3.687719298,14.75497076
chem54_start_U2_S2_1,4.218980668,14.02425308
chem54_start_U3_F1_1,4.07751938,13.06976744
chem54_start_U3_F2_1,4.131446541,13.10125786
chem54_start_U3_I1_1,4.192327366,13.7797954
chem54_start_U3_I2_1,4.212713178,13.74573643
chem54_start_U3_S1_1,4.247133758,13.72324841
chem54_start_U3_S2_1,4.391794872,14.10666667
chem55_start_U1_F1_1,4.423636364,15.25118881
chem55_start_U1_F2_1,4.419271949,14.74261242
chem55_start_U1_F3_1,4.423428571,14.78209524
chem55_start_U1_I1_1,4.400674764,15.15519568
chem55_start_U1_I2_1,4.384081633,15.00816327
chem55_start_U2_F1_1,4.485263158,14.74694737
chem55_start_U2_F2_1,4.403430532,14.15060034
chem55_start_U2_F3_1,4.571846435,14.66636197
chem55_start_U2_I1_1,4.318782383,14.39222798
chem55_start_U2_I2_1,4.387566845,14.10320856
chem55_start_U3_F1_1,4.327289377,15.71758242
chem55_start_U3_F2_1,4.209256198,15.56528926
chem55_start_U3_F3_1,4.300873362,15.54781659
chem55_start_U3_I1_1,4.358813839,15.41729819
chem55_start_U3_I2_1,4.299277978,15.60758123
chem56_start_U1_F1_1,4.12715655,14.01661342
chem56_start_U1_F2_1,4.059615385,13.71192308
chem56_start_U1_I1_1,4.112878788,13.87310606
chem56_start_U1_I2_1,4.256028369,14.3177305
chem56_start_U1_S1_1,4.086796537,13.74004329
chem56_start_U1_S2_1,4.130048077,14.015625
chem56_start_U2_F1_1,4.039647577,13.62378855
chem56_start_U2_F2_1,4.067857143,13.46150794
chem56_start_U2_I1_1,4.102514507,13.64158607
chem56_start_U2_I2_1,4.106573705,13.42011952
chem56_start_U2_S1_1,4.033333333,13.53452381
chem56_start_U2_S2_1,3.971461717,13.29721578
chem56_start_U3_F1_1,4.28030888,13.30965251
chem56_start_U3_F2_1,4.089619377,12.81349481
chem56_start_U3_I1_1,4.247117296,12.98389662
chem56_start_U3_I2_1,4.113394216,12.76666667
chem56_start_U3_S1_1,4.209375,12.8559375
chem56_start_U3_S2_1,4.064596273,12.58975155
chem57_start_U1_I1_1,3.946740859,14.74340223
chem57_start_U1_I2_1,4.088715953,15.33871595
chem57_start_U1_S1_1,3.889013453,14.34663677
chem57_start_U1_S2_1,3.958369099,15.07274678
chem57_start_U2_I1_1,3.957002457,14.92137592
chem57_start_U2_I2_1,4.059136213,15.12259136
chem57_start_U2_S1_1,3.898235294,14.41882353
chem57_start_U2_S2_1,3.988527725,14.71567878
chem57_start_U3_I1_1,4.012703583,14.62605863
chem57_start_U3_I2_1,3.902635229,13.99736477
chem57_start_U3_S1_1,3.947395833,14.12213542
chem57_start_U3_S2_1,3.812758621,13.65137931
chem58_start_U1_I1_1,3.208680556,11.19357639
chem58_start_U1_I2_1,3.289968153,11.76449045
chem58_start_U1_S1_1,3.206603774,11.29103774
chem58_start_U1_S2_1,3.377178423,11.60456432
chem58_start_U2_I1_1,3.253231293,11.05762712
chem58_start_U2_I2_1,3.311658456,11.30196721
chem58_start_U2_S1_1,3.361904762,11.23506494
chem58_start_U2_S2_1,3.483098592,11.94894366
chem58_start_U3_I1_1,3.923076923,14.0025641
chem58_start_U3_I2_1,3.751812689,13.53323263
chem58_start_U3_S1_1,3.921698113,13.95660377
chem58_start_U3_S2_1,3.911570248,13.88677686
chem59_start_U1_I1_1,3.943467933,14.00475059
chem59_start_U1_I2_1,3.987767584,14.2911315
chem59_start_U1_I3_1,3.910675381,14.24553377
chem59_start_U2_I1_1,3.999278846,14.15120192
chem59_start_U2_I2_1,4.112727273,14.30227273
chem59_start_U2_I3_1,4.020698254,14.53241895
chem59_start_U3_I1_1,4.403424658,13.89429224
chem59_start_U3_I2_1,4.33476112,13.97314662
chem59_start_U3_I3_1,4.447232472,14.23422509
chem6_start_U1_I1_1,3.068469657,11.37097625
chem6_start_U1_I2_1,3.095614035,11.01333333
chem6_start_U1_I3_1,2.989263421,10.59737828
chem6_start_U2_I1_1,2.998901099,10.55782967
chem6_start_U2_I2_1,2.984184309,11.14159402
chem6_start_U2_I3_1,2.927831715,10.77055016
chem6_start_U3_I1_1,3.544179104,11.7242921
chem6_start_U3_I2_1,3.466370107,11.48158363
chem6_start_U3_I3_1,3.530044843,11.31953164
chem60_start_U1_I1_1,3.55716753,14.90051724
chem60_start_U1_I2_1,3.719346049,14.99073569
chem60_start_U1_S1_1,3.46507177,14.04688995
chem60_start_U1_S2_1,3.66640625,13.7625
chem60_start_U2_I1_1,3.583606557,14.90679157
chem60_start_U2_I2_1,3.621153846,15.00490405
chem60_start_U2_S1_1,3.443609023,13.92255639
chem60_start_U2_S2_1,3.594170404,14.19372197
chem60_start_U3_I1_1,3.679624277,14.53815029
chem60_start_U3_I2_1,3.646048472,15.00579557
chem60_start_U3_S1_1,3.532348112,14.10656814
chem60_start_U3_S2_1,3.304585153,13.4453159
chem61_start_U1_F1_1,2.95794621,10.90831296
chem61_start_U1_F2_1,2.884493671,10.80126582
chem61_start_U1_F3_1,2.876071429,10.51714286
chem61_start_U1_I1_1,2.985322581,10.37532258
chem61_start_U1_I2_1,3.020839363,11.23183792
chem61_start_U2_F1_1,2.855087719,10.24982456
chem61_start_U2_F2_1,2.94982699,9.407586207
chem61_start_U2_F3_1,3.110365854,9.757621951
chem61_start_U2_I1_1,2.9045,10.8365
chem61_start_U2_I2_1,2.976853933,10.52494382
chem61_start_U3_F1_1,2.991014493,10.1942029
chem61_start_U3_F2_1,2.942578125,10.26914063
chem61_start_U3_F3_1,2.851839465,9.817391304
chem61_start_U3_I1_1,2.949019608,10.23459384
chem61_start_U3_I2_1,2.866829865,10.07943696
chem62_start_U1_I1_1,3.463368421,11.77115789
chem62_start_U1_I2_1,3.568733154,11.68059299
chem62_start_U1_I3_1,3.436363636,11.41538462
chem62_start_U2_I1_1,3.458375635,11.42817259
chem62_start_U2_I2_1,3.511877395,11.33237548
chem62_start_U2_I3_1,3.496994536,10.51857923
chem62_start_U3_I1_1,3.365074627,12.28059701
chem62_start_U3_I2_1,3.301981982,12.36396396
chem62_start_U3_I3_1,3.44093178,12.81655574
chem63_start_U1_F1_1,3.269977925,13.23465784
chem63_start_U1_F2_1,3.295988539,13.2765043
chem63_start_U1_F3_1,3.277272727,13.1776435
chem63_start_U1_I1_1,3.321442125,13.58671727
chem63_start_U1_I2_1,3.393457944,13.72850467
chem63_start_U2_F1_1,3.377300613,14.09723926
chem63_start_U2_F2_1,3.313492063,13.72261905
chem63_start_U2_F3_1,3.39522293,13.76178344
chem63_start_U2_I1_1,3.372010178,14.08142494
chem63_start_U2_I2_1,3.378213166,14.01128527
chem63_start_U3_F1_1,3.594101124,13.31488764
chem63_start_U3_F2_1,3.572638436,13.24788274
chem63_start_U3_F3_1,3.614028777,13.12697842
chem63_start_U3_I1_1,3.629115854,13.30594512
chem63_start_U3_I2_1,3.583354511,13.1635324
chem64_start_U1_I1_1,3.659259259,13.64951267
chem64_start_U1_I2_1,3.778039927,14.11215971
chem64_start_U1_I3_1,3.731404959,13.74896694
chem64_start_U2_I1_1,3.744190476,13.8832381
chem64_start_U2_I2_1,3.788716502,14.14781382
chem64_start_U2_I3_1,3.769850187,14.25037453
chem64_start_U3_I1_1,3.836753731,14.8869403
chem64_start_U3_I2_1,3.792666667,15.02333333
chem64_start_U3_I3_1,3.828181042,15.46421862
chem65_start_U1_I1_1,4.245415473,13.90286533
chem65_start_U1_I2_1,4.355555556,14.25156695
chem65_start_U1_I3_1,4.210220441,13.72845691
chem65_start_U2_I1_1,4.200808081,13.88464646
chem65_start_U2_I2_1,4.230625,13.82765625
chem65_start_U2_I3_1,4.382718447,14.44504854
chem65_start_U3_I1_1,3.874257426,14.02910891
chem65_start_U3_I2_1,3.830384615,13.9774359
chem65_start_U3_I3_1,3.891803279,14.16483607
chem66_start_U1_F1_1,3.615417559,11.64175589
chem66_start_U1_F2_1,3.546829268,11.42341463
chem66_start_U1_F3_1,3.54620462,11.43729373
chem66_start_U1_I1_1,3.546130031,11.66873065
chem66_start_U1_I2_1,3.590371991,11.65886214
chem66_start_U2_F1_1,3.6453125,11.5875
chem66_start_U2_F2_1,3.645818182,11.81272727
chem66_start_U2_F3_1,3.662007168,11.590681
chem66_start_U2_I1_1,3.543338438,11.53675345
chem66_start_U2_I2_1,3.605271084,11.68087349
chem66_start_U3_F1_1,3.707773852,11.99399293
chem66_start_U3_F2_1,3.634411765,11.66941176
chem66_start_U3_F3_1,3.620437956,11.53686131
chem66_start_U3_I1_1,3.555896607,11.68578352
chem66_start_U3_I2_1,3.62019334,11.76122449
chem67_start_U1_F1_1,3.909756098,14.7497561
chem67_start_U1_F2_1,3.935810811,14.47533784
chem67_start_U1_F3_1,3.914901961,14.66705882
chem67_start_U1_I1_1,3.794884488,15.15693069
chem67_start_U1_I2_1,3.97775378,14.83779698
chem67_start_U2_F1_1,3.938768116,14.65905797
chem67_start_U2_F2_1,3.930923695,14.02971888
chem67_start_U2_F3_1,3.928623188,14.12101449
chem67_start_U2_I1_1,3.912565445,14.59144852
chem67_start_U2_I2_1,3.993989071,14.34717668
chem67_start_U3_F1_1,3.881684982,13.45604396
chem67_start_U3_F2_1,3.871794872,13.39120879
chem67_start_U3_F3_1,3.731751825,13.01569343
chem67_start_U3_I1_1,4.008526012,13.96228324
chem67_start_U3_I2_1,3.921704394,13.73435419
chem68_start_U1_F1_1,4.335662651,13.99108434
chem68_start_U1_F2_1,4.397229917,14.38864266
chem68_start_U1_F3_1,4.453258845,14.34748603
chem68_start_U1_I1_1,4.530298273,14.3400314
chem68_start_U1_I2_1,4.505125,14.379
chem68_start_U2_F1_1,4.627272727,15.45454545
chem68_start_U2_F2_1,4.494949495,14.74444444
chem68_start_U2_F3_1,4.514652015,14.62747253
chem68_start_U2_I1_1,4.594560669,14.64518828
chem68_start_U2_I2_1,4.454843305,14.60669516
chem68_start_U3_F1_1,4.463453815,15.36907631
chem68_start_U3_F2_1,4.518965517,14.96724138
chem68_start_U3_F3_1,4.469685039,15.2003937
chem68_start_U3_I1_1,4.499790356,15.32033543
chem68_start_U3_I2_1,4.401108647,15.05654102
chem69_start_U1_F1_1,4.230288462,15.75625
chem69_start_U1_F2_1,4.354787234,16.10638298
chem69_start_U1_I1_1,4.12386059,15.55
chem69_start_U1_I2_1,4.381796117,16.31286408
chem69_start_U1_S1_1,4.213972603,15.48931507
chem69_start_U1_S2_1,4.329707113,16.05857741
chem69_start_U2_F1_1,4.39153605,15.55141066
chem69_start_U2_F2_1,4.44313099,15.34760383
chem69_start_U2_I1_1,4.108494784,15.08971684
chem69_start_U2_I2_1,4.267281106,14.81628264
chem69_start_U2_S1_1,4.242439863,14.88762887
chem69_start_U2_S2_1,4.388124157,15.28677463
chem69_start_U3_F1_1,4.394670051,15.73375635
chem69_start_U3_F2_1,4.221019108,15.5111465
chem69_start_U3_I1_1,4.24137931,15.04051724
chem69_start_U3_I2_1,4.097305101,14.88440808
chem69_start_U3_S1_1,4.356355932,15.43870056
chem69_start_U3_S2_1,4.11136,15.17632
chem7_start_U1_I1_1,3.44767184,12.7827051
chem7_start_U1_I2_1,3.566139241,13.23734177
chem7_start_U1_S1_1,3.496130346,12.99164969
chem7_start_U1_S2_1,3.625905292,13.38690808
chem7_start_U2_I1_1,3.529032258,13.17373272
chem7_start_U2_I2_1,3.575485009,13.33227513
chem7_start_U2_S1_1,3.552927928,13.23378378
chem7_start_U2_S2_1,3.653406593,13.63230769
chem7_start_U3_I1_1,3.547580645,12.23064516
chem7_start_U3_I2_1,3.529376855,12.52908012
chem7_start_U3_S1_1,3.583823529,12.61053922
chem7_start_U3_S2_1,3.579605263,12.72412281
chem70_start_U1_I1_1,3.627184466,12.87902913
chem70_start_U1_I2_1,3.735327635,13.21851852
chem70_start_U1_I3_1,3.636486486,12.88281853
chem70_start_U2_I1_1,3.637392796,13.19193825
chem70_start_U2_I2_1,3.724907063,13.31598513
chem70_start_U2_I3_1,3.665467626,12.77553957
chem70_start_U3_I1_1,3.60855615,12.68315508
chem70_start_U3_I2_1,3.559929078,12.61968085
chem70_start_U3_I3_1,3.601229508,13.00901639
chem71_start_U1_F1_1,3.46,12.6
chem71_start_U1_F2_1,#N/A,#N/A
chem71_start_U1_I1_1,#N/A,#N/A
chem71_start_U1_I2_1,#N/A,#N/A
chem71_start_U1_S1_1,3.2,9.15
chem71_start_U1_S2_1,3.633333333,13.1
chem71_start_U2_F1_1,#N/A,#N/A
chem71_start_U2_F2_1,#N/A,#N/A
chem71_start_U2_I1_1,3.524,13.22533333
chem71_start_U2_I2_1,3.592592593,13.65555556
chem71_start_U2_S1_1,3.8,13.8
chem71_start_U2_S2_1,3.566666667,13.43333333
chem71_start_U3_F1_1,#N/A,#N/A
chem71_start_U3_F2_1,3.679405034,12.52608696
chem71_start_U3_I1_1,3.537719298,12.42298246
chem71_start_U3_I2_1,3.636507937,12.36652237
chem71_start_U3_S1_1,3.688414634,13.02743902
chem71_start_U3_S2_1,3.641597796,12.40853994
chem72_start_U1_I1_1,4.265878378,14.73074324
chem72_start_U1_I2_1,4.384615385,15.12916667
chem72_start_U1_I3_1,4.277101968,14.78085868
chem72_start_U2_I1_1,4.258757062,14.99661017
chem72_start_U2_I2_1,4.33955095,15.27772021
chem72_start_U2_I3_1,4.283084577,14.9579602
chem72_start_U3_I1_1,5.542506812,18.76049046
chem72_start_U3_I2_1,5.513276836,18.62514124
chem72_start_U3_I3_1,5.665847348,18.75252264
chem73_start_U1_F1_1,#N/A,#N/A
chem73_start_U1_F2_1,#N/A,#N/A
chem73_start_U1_I1_1,3.671428571,13.95714286
chem73_start_U1_I2_1,3.752173913,13.76521739
chem73_start_U1_S1_1,3.8,14.4
chem73_start_U1_S2_1,3.75,13.4125
chem73_start_U2_F1_1,#N/A,#N/A
chem73_start_U2_F2_1,#N/A,#N/A
chem73_start_U2_I1_1,3.687338501,13.16072351
chem73_start_U2_I2_1,3.6,13.11111111
chem73_start_U2_S1_1,3.65,12.65
chem73_start_U2_S2_1,3.9,14.3
chem73_start_U3_F1_1,3.57875817,13.18202614
chem73_start_U3_F2_1,3.681533101,13.54320557
chem73_start_U3_I1_1,3.602480916,13.26908397
chem73_start_U3_I2_1,3.539464286,13.19357143
chem73_start_U3_S1_1,3.509125475,12.91749049
chem73_start_U3_S2_1,3.436363636,12.79963636
chem74_start_U1_F1_1,3.48587963,14.51643519
chem74_start_U1_F2_1,3.665878378,13.60439189
chem74_start_U1_I1_1,3.488347458,14.41822034
chem74_start_U1_I2_1,3.581746032,14.80767196
chem74_start_U1_S1_1,3.485034014,14.45192744
chem74_start_U1_S2_1,3.542780749,14.75721925
chem74_start_U2_F1_1,3.696808511,13.45070922
chem74_start_U2_F2_1,#N/A,#N/A
chem74_start_U2_I1_1,3.571497585,14.08961353
chem74_start_U2_I2_1,3.606167979,14.22887139
chem74_start_U2_S1_1,3.526259947,13.81352785
chem74_start_U2_S2_1,3.558486239,14.55504587
chem74_start_U3_F1_1,3.911480363,14.80181269
chem74_start_U3_F2_1,3.986577181,14.69563758
chem74_start_U3_I1_1,3.853529412,14.67235294
chem74_start_U3_I2_1,3.900371747,14.46672862
chem74_start_U3_S1_1,3.796287129,14.66782178
chem74_start_U3_S2_1,3.785964912,14.36701754
chem75_start_U1_I1_1,3.605699482,11.90647668
chem75_start_U1_I2_1,3.702089552,12.14656716
chem75_start_U1_I3_1,3.700992063,12.17837302
chem75_start_U2_I1_1,3.692144374,12.16029724
chem75_start_U2_I2_1,3.755716878,12.28711434
chem75_start_U2_I3_1,3.69195122,12.0695122
chem75_start_U3_I1_1,3.688056206,12.58454333
chem75_start_U3_I2_1,3.712877583,12.64403816
chem75_start_U3_I3_1,3.8288,13.20376
chem76_start_U1_I1_1,3.844897959,14.70430839
chem76_start_U1_I2_1,3.956772334,14.58616715
chem76_start_U1_S1_1,3.930487805,15.2429878
chem76_start_U1_S2_1,4.038,15.55333333
chem76_start_U2_I1_1,3.888834951,14.92548544
chem76_start_U2_I2_1,4.037352941,16.64382353
chem76_start_U2_S1_1,4.040425532,15.14741641
chem76_start_U2_S2_1,3.994224924,16.76109422
chem76_start_U3_I1_1,4.117567568,15.18986486
chem76_start_U3_I2_1,3.901886792,14.14811321
chem76_start_U3_S1_1,4.08490991,15.16441441
chem76_start_U3_S2_1,3.942324561,14.45614035
chem77_start_U1_F1_1,3.570301624,13.51229698
chem77_start_U1_F2_1,3.583921569,13.60901961
chem77_start_U1_I1_1,3.440128755,12.9695279
chem77_start_U1_I2_1,3.596923077,13.55410256
chem77_start_U1_S1_1,3.47218543,13.10496689
chem77_start_U1_S2_1,3.560068259,13.57645051
chem77_start_U2_F1_1,3.602973978,13.47695167
chem77_start_U2_F2_1,3.546666667,13.66296296
chem77_start_U2_I1_1,3.448699764,13.06666667
chem77_start_U2_I2_1,3.507834101,13.25391705
chem77_start_U2_S1_1,3.41137931,13.07344828
chem77_start_U2_S2_1,3.517241379,13.61471264
chem77_start_U3_F1_1,3.613173653,13.77994012
chem77_start_U3_F2_1,3.572916667,13.72708333
chem77_start_U3_I1_1,3.657380457,13.91288981
chem77_start_U3_I2_1,3.467528271,13.20565428
chem77_start_U3_S1_1,3.606506849,13.84794521
chem77_start_U3_S2_1,3.467843137,13.33921569
chem78_start_U1_I1_1,3.302229846,11.36140652
chem78_start_U1_I2_1,3.427075812,11.75559567
chem78_start_U1_I3_1,3.332717678,11.43905013
chem78_start_U2_I1_1,3.392665037,11.50586797
chem78_start_U2_I2_1,3.398398577,11.52580071
chem78_start_U2_I3_1,3.382282282,11.50870871
chem78_start_U3_I1_1,3.570187793,12.00821596
chem78_start_U3_I2_1,3.522473868,11.80017422
chem78_start_U3_I3_1,3.588777778,12.07255556
chem79_start_U1_I1_1,3.583870968,11.78225806
chem79_start_U1_I2_1,3.238121547,11.26500921
chem79_start_U1_S1_1,3.23501292,11.16950904
chem79_start_U1_S2_1,3.292513369,11.1797861
chem79_start_U2_I1_1,3.239451115,11.10377358
chem79_start_U2_I2_1,3.280343008,11.17717678
chem79_start_U2_S1_1,3.212599681,10.86889952
chem79_start_U2_S2_1,3.218644068,11.31771957
chem79_start_U3_I1_1,3.226036484,10.97379768
chem79_start_U3_I2_1,3.141040462,11.0033526
chem79_start_U3_S1_1,3.185294118,11.1394958
chem79_start_U3_S2_1,3.1225058,10.92320186
chem8_start_U1_F1_1,3.710061602,14.48377823
chem8_start_U1_F2_1,3.7495,13.8085
chem8_start_U1_I1_1,3.626643599,14.06678201
chem8_start_U1_I2_1,3.731,13.8888
chem8_start_U1_S1_1,3.671358025,14.28765432
chem8_start_U1_S2_1,3.801128668,14.64040632
chem8_start_U2_F1_1,3.7870317,13.69942363
chem8_start_U2_F2_1,3.731707317,14.599729
chem8_start_U2_I1_1,3.651054852,13.86962025
chem8_start_U2_I2_1,3.690909091,14.32345455
chem8_start_U2_S1_1,3.714527845,14.59443099
chem8_start_U2_S2_1,3.736952381,14.79733333
chem8_start_U3_F1_1,3.723459716,13.807109
chem8_start_U3_F2_1,3.811714286,14.14371429
chem8_start_U3_I1_1,3.644521739,13.49791304
chem8_start_U3_I2_1,3.666274971,13.68683901
chem8_start_U3_S1_1,3.808823529,13.97192513
chem8_start_U3_S2_1,3.828125,14.01640625
chem80_start_U1_I1_1,3.272796935,12.69942529
chem80_start_U1_I2_1,3.334308511,12.7893617
chem80_start_U1_S1_1,3.262610619,12.41747788
chem80_start_U1_S2_1,3.373411765,12.76164706
chem80_start_U2_I1_1,3.321932515,12.51303681
chem80_start_U2_I2_1,3.331078611,12.72595978
chem80_start_U2_S1_1,3.300702576,12.40327869
chem80_start_U2_S2_1,3.364414414,12.70675676
chem80_start_U3_I1_1,3.436730361,12.6507431
chem80_start_U3_I2_1,3.402733119,12.6192926
chem80_start_U3_S1_1,3.439393939,12.80358127
chem80_start_U3_S2_1,3.378632479,12.3968661
chem81_start_U1_F1_1,2.896936543,10.06345733
chem81_start_U1_F2_1,2.847409326,10.08860104
chem81_start_U1_I1_1,2.883159722,10.17777778
chem81_start_U1_I2_1,2.916393443,10.56120219
chem81_start_U1_S1_1,2.937100213,10.73987207
chem81_start_U1_S2_1,2.888167939,10.79274809
chem81_start_U2_F1_1,2.832467532,11.02077922
chem81_start_U2_F2_1,2.860660661,10.32612613
chem81_start_U2_I1_1,2.745555556,10.62694444
chem81_start_U2_I2_1,2.711278195,10.87650376
chem81_start_U2_S1_1,2.943295019,10.28735632
chem81_start_U2_S2_1,2.853092784,11.59845361
chem81_start_U3_F1_1,3.048635236,11.5
chem81_start_U3_F2_1,3.0640553,11.35898618
chem81_start_U3_I1_1,3.091134752,11.42358156
chem81_start_U3_I2_1,3.049745547,11.54643766
chem81_start_U3_S1_1,3.05965812,11.58888889
chem81_start_U3_S2_1,3.012797619,11.39642857
chem82_start_U1_I1_1,3.507928389,13.2859335
chem82_start_U1_I2_1,3.682056893,13.595186
chem82_start_U1_I3_1,3.625071225,13.45555556
chem82_start_U2_I1_1,3.628140704,13.52864322
chem82_start_U2_I2_1,3.662929062,13.73729977
chem82_start_U2_I3_1,3.605405405,13.66186186
chem82_start_U3_I1_1,3.828266667,14.02746667
chem82_start_U3_I2_1,3.727329193,13.94658385
chem82_start_U3_I3_1,3.798036952,14.16720554
chem83_start_U1_I1_1,4.092226891,14.59642857
chem83_start_U1_I2_1,4.247603834,15.39872204
chem83_start_U1_I3_1,3.967387687,15.08269551
chem83_start_U2_I1_1,3.940909091,15.68327273
chem83_start_U2_I2_1,4.03851468,15.53937824
chem83_start_U2_I3_1,3.971134021,15.10742268
chem83_start_U3_I1_1,4.214454976,14.98507109
chem83_start_U3_I2_1,4.215742397,15.02468694
chem83_start_U3_I3_1,4.263586957,15.28136646
chem84_start_U1_I1_1,3.968661972,12.82147887
chem84_start_U1_I2_1,4.223462415,13.63166287
chem84_start_U1_I3_1,4.048947368,12.97342105
chem84_start_U2_I1_1,4.120574887,13.22435703
chem84_start_U2_I2_1,4.162180579,13.36678024
chem84_start_U2_I3_1,4.07902439,13.04634146
chem84_start_U3_I1_1,4.27833698,14.92297593
chem84_start_U3_I2_1,4.214335664,14.62750583
chem84_start_U3_I3_1,4.350247219,15.11996292
chem85_start_U1_F1_1,4.572328767,15.3709589
chem85_start_U1_F2_1,4.622183099,15.47359155
chem85_start_U1_F3_1,4.601976285,15.56956522
chem85_start_U1_I1_1,4.53313253,15.22710843
chem85_start_U1_I2_1,4.770347003,16.07255521
chem85_start_U2_F1_1,4.718723404,15.93021277
chem85_start_U2_F2_1,4.633649289,15.62796209
chem85_start_U2_F3_1,4.794036697,16.0706422
chem85_start_U2_I1_1,4.649736842,15.67368421
chem85_start_U2_I2_1,4.68839779,15.85027624
chem85_start_U3_F1_1,5.26377709,18.89133127
chem85_start_U3_F2_1,5.114878893,18.27612457
chem85_start_U3_F3_1,5.0625,18.24473684
chem85_start_U3_I1_1,5.24805492,18.77734554
chem85_start_U3_I2_1,5.131285988,18.31554702
chem86_start_U1_I1_1,4.333915212,16.21446384
chem86_start_U1_I2_1,4.494933333,16.8184
chem86_start_U1_I3_1,4.33221957,16.26157518
chem86_start_U2_I1_1,4.3406639,16.30705394
chem86_start_U2_I2_1,4.475465313,16.51590525
chem86_start_U2_I3_1,4.356648936,15.81595745
chem86_start_U3_I1_1,4.370875764,16.35295316
chem86_start_U3_I2_1,4.271428571,16.08167702
chem86_start_U3_I3_1,4.336570429,16.64671916
chem87_start_U1_F1_1,3.186614173,9.886220472
chem87_start_U1_F2_1,3.02605042,9.357083333
chem87_start_U1_F3_1,3.067836257,9.65380117
chem87_start_U1_I1_1,3.082051282,9.883173077
chem87_start_U1_I2_1,2.85,9.009507042
chem87_start_U2_F1_1,2.86741573,9.121641791
chem87_start_U2_F2_1,2.764423077,8.447169811
chem87_start_U2_F3_1,2.985551331,9.276045627
chem87_start_U2_I1_1,2.752767528,8.863284133
chem87_start_U2_I2_1,2.633476395,8.360300429
chem87_start_U3_F1_1,3.395441595,11.80655271
chem87_start_U3_F2_1,3.527974277,12.26559486
chem87_start_U3_F3_1,3.539274924,12.22990937
chem87_start_U3_I1_1,3.018711656,10.24539877
chem87_start_U3_I2_1,3.033106576,10.11360544
chem88_start_U1_F1_1,3.19973262,11.77486631
chem88_start_U1_F2_1,3.20192926,11.52186495
chem88_start_U1_F3_1,3.133881579,11.23421053
chem88_start_U1_I1_1,3.186284289,11.85910224
chem88_start_U1_I2_1,3.198214286,11.785
chem88_start_U2_F1_1,3.177682403,11.6193133
chem88_start_U2_F2_1,3.205284553,11.39105691
chem88_start_U2_F3_1,3.246808511,11.68617021
chem88_start_U2_I1_1,3.15152439,11.51128049
chem88_start_U2_I2_1,3.209730849,11.7378882
chem88_start_U3_F1_1,#N/A,#N/A
chem88_start_U3_F2_1,#N/A,#N/A
chem88_start_U3_F3_1,#N/A,#N/A
chem88_start_U3_I1_1,#N/A,#N/A
chem88_start_U3_I2_1,#N/A,#N/A
chem89_start_U1_F1_1,3.638983051,13.82563559
chem89_start_U1_F2_1,3.613758389,12.88624161
chem89_start_U1_I1_1,3.720045045,13.04414414
chem89_start_U1_I2_1,3.743953488,13.82116279
chem89_start_U1_S1_1,3.622409639,13.18024096
chem89_start_U1_S2_1,3.652661597,13.24980989
chem89_start_U2_F1_1,3.551750973,12.01284047
chem89_start_U2_F2_1,3.522568093,12.05680934
chem89_start_U2_I1_1,3.736,12.8038
chem89_start_U2_I2_1,3.703601695,12.26758475
chem89_start_U2_S1_1,3.607666667,12.503
chem89_start_U2_S2_1,3.669587629,12.78015464
chem89_start_U3_F1_1,3.578313253,12.63644578
chem89_start_U3_F2_1,3.435714286,12.01915584
chem89_start_U3_I1_1,3.611858407,12.74938053
chem89_start_U3_I2_1,3.463076923,12.07676923
chem89_start_U3_S1_1,3.574584323,12.57624703
chem89_start_U3_S2_1,3.375692308,11.88492308
chem9_start_U1_F1_1,2.645901639,9.108606557
chem9_start_U1_F2_1,2.670334928,8.964593301
chem9_start_U1_I1_1,2.602368421,9.123421053
chem9_start_U1_I2_1,2.668067227,9.302941176
chem9_start_U1_S1_1,2.660533333,9.415733333
chem9_start_U1_S2_1,2.697647059,9.347647059
chem9_start_U2_F1_1,2.703571429,9.456122449
chem9_start_U2_F2_1,2.719905213,9.592890995
chem9_start_U2_I1_1,2.618518519,8.956980057
chem9_start_U2_I2_1,2.668860759,9.574683544
chem9_start_U2_S1_1,2.642731278,9.079735683
chem9_start_U2_S2_1,2.7904,9.79
chem9_start_U3_F1_1,2.723791822,9.931226766
chem9_start_U3_F2_1,2.68358209,9.702487562
chem9_start_U3_I1_1,2.701026958,9.914762516
chem9_start_U3_I2_1,2.615836299,9.554448399
chem9_start_U3_S1_1,2.618287938,9.713618677
chem9_start_U3_S2_1,2.558744395,9.543946188
chem90_start_U1_I1_1,4.102666667,13.19009524
chem90_start_U1_I2_1,4.131267606,13.16056338
chem90_start_U1_S1_1,4.12619469,13.31699115
chem90_start_U1_S2_1,4.172459016,13.39131148
chem90_start_U2_I1_1,4.026678141,12.88502582
chem90_start_U2_I2_1,4.195454545,13.63141711
chem90_start_U2_S1_1,4.209090909,13.48435171
chem90_start_U2_S2_1,4.221578947,13.76157895
chem90_start_U3_I1_1,4.230383973,13.86844741
chem90_start_U3_I2_1,4.153183024,13.68474801
chem90_start_U3_S1_1,4.189108911,13.85693069
chem90_start_U3_S2_1,4.033409611,13.35308924
chem91_start_U1_I1_1,4.051740506,14.43575949
chem91_start_U1_I2_1,4.118461538,14.44923077
chem91_start_U1_S1_1,3.922385321,13.94605505
chem91_start_U1_S2_1,4.019455253,14.58346304
chem91_start_U2_I1_1,3.987636364,14.206
chem91_start_U2_I2_1,4.088839779,14.41414365
chem91_start_U2_S1_1,3.936437247,13.98744939
chem91_start_U2_S2_1,4.063116371,14.79171598
chem91_start_U3_I1_1,3.811815068,15.20547945
chem91_start_U3_I2_1,3.708684547,14.96768838
chem91_start_U3_S1_1,3.776091954,15.21241379
chem91_start_U3_S2_1,3.754395604,15.00164835
chem92_start_U1_F1_1,3.516831683,13.16806931
chem92_start_U1_F2_1,3.64290429,12.69570957
chem92_start_U1_F3_1,3.723788546,11.44273128
chem92_start_U1_I1_1,3.527047146,12.08511166
chem92_start_U1_I2_1,3.613719512,13.53445122
chem92_start_U2_F1_1,3.671859296,13.56231156
chem92_start_U2_F2_1,3.636078431,13.36196078
chem92_start_U2_F3_1,3.653367876,13.12797927
chem92_start_U2_I1_1,3.693734336,13.58897243
chem92_start_U2_I2_1,3.649122807,13.18050682
chem92_start_U3_F1_1,3.707142857,12.31428571
chem92_start_U3_F2_1,3.68,12.265
chem92_start_U3_F3_1,3.646153846,12.02307692
chem92_start_U3_I1_1,3.555045872,11.49908257
chem92_start_U3_I2_1,3.640721649,11.77216495
chem93_start_U1_I1_1,3.416185897,14.63429487
chem93_start_U1_I2_1,3.547658402,15.07741047
chem93_start_U1_S1_1,3.492733564,14.66055363
chem93_start_U1_S2_1,3.571061093,15.11318328
chem93_start_U2_I1_1,3.431554524,14.62691415
chem93_start_U2_I2_1,3.496062992,15.01299213
chem93_start_U2_S1_1,3.365738162,14.39303621
chem93_start_U2_S2_1,3.430757342,14.66692427
chem93_start_U3_I1_1,3.5375,13.3789557
chem93_start_U3_I2_1,3.553983353,13.14363853
chem93_start_U3_S1_1,3.605102041,13.49464286
chem93_start_U3_S2_1,3.555688623,13.22095808
chem94_start_U1_F1_1,4.030136986,12.88493151
chem94_start_U1_F2_1,3.947882736,13.00325733
chem94_start_U1_I1_1,3.960991379,13.17306034
chem94_start_U1_I2_1,4.036,13.3736
chem94_start_U1_S1_1,4.068948655,13.42347188
chem94_start_U1_S2_1,4.030314961,13.35531496
chem94_start_U2_F1_1,3.962305296,12.98691589
chem94_start_U2_F2_1,#N/A,#N/A
chem94_start_U2_I1_1,3.861710037,12.99591078
chem94_start_U2_I2_1,3.982978723,13.40744681
chem94_start_U2_S1_1,3.983293556,13.11646778
chem94_start_U2_S2_1,3.994225722,13.35459318
chem94_start_U3_F1_1,#N/A,#N/A
chem94_start_U3_F2_1,#N/A,#N/A
chem94_start_U3_I1_1,#N/A,#N/A
chem94_start_U3_I2_1,#N/A,#N/A
chem94_start_U3_S1_1,#N/A,#N/A
chem94_start_U3_S2_1,#N/A,#N/A
chem97_start_U1_F1_1,4.409442724,15.11656347
chem97_start_U1_F2_1,4.296363636,14.58272727
chem97_start_U1_F3_1,4.250833333,14.54611111
chem97_start_U1_I1_1,4.357063712,15.0065097
chem97_start_U1_I2_1,4.430094044,15.23291536
chem97_start_U2_F1_1,4.416149068,15.14347826
chem97_start_U2_F2_1,4.110652921,13.92061856
chem97_start_U2_F3_1,4.314469453,14.88135048
chem97_start_U2_I1_1,4.260126582,14.93438819
chem97_start_U2_I2_1,4.37232,15.20576
chem97_start_U3_F1_1,4.339130435,14.10869565
chem97_start_U3_F2_1,4.411538462,14.22692308
chem97_start_U3_F3_1,4.277777778,13.9
chem97_start_U3_I1_1,4.266666667,13.85952381
chem97_start_U3_I2_1,4.292961877,13.95366569
chem98_start_U1_F1_1,3.778846154,16.34059829
chem98_start_U1_F2_1,3.835276074,16.4898773
chem98_start_U1_F3_1,#N/A,#N/A
chem98_start_U1_I1_1,3.667030965,15.86921676
chem98_start_U1_I2_1,3.822847682,16.51788079
chem98_start_U2_F1_1,3.786851211,16.36401384
chem98_start_U2_F2_1,3.83633218,16.59377163
chem98_start_U2_F3_1,3.888819876,16.87515528
chem98_start_U2_I1_1,3.751141553,16.2369863
chem98_start_U2_I2_1,3.787117904,16.39803493
chem98_start_U3_F1_1,3.80952381,14.26190476
chem98_start_U3_F2_1,3.686956522,13.69130435
chem98_start_U3_F3_1,3.742105263,13.63684211
chem98_start_U3_I1_1,3.71754386,14.08479532
chem98_start_U3_I2_1,3.63,13.53794118
chem99_start_U1_F1_1,3.956547619,13.84722222
chem99_start_U1_F2_1,4.012983425,13.77928177
chem99_start_U1_F3_1,3.932624113,14.03297872
chem99_start_U1_I1_1,4.006926407,14.63744589
chem99_start_U1_I2_1,4.107588076,14.47750678
chem99_start_U2_F1_1,3.976842105,14.44447368
chem99_start_U2_F2_1,3.875812274,14.71046931
chem99_start_U2_F3_1,4.030285714,15.204
chem99_start_U2_I1_1,3.967241379,15.12047414
chem99_start_U2_I2_1,3.992975207,15.55371901
chem99_start_U3_F1_1,4.486956522,16.51304348
chem99_start_U3_F2_1,4.333333333,16.06666667
chem99_start_U3_F3_1,4.407692308,16.00769231
chem99_start_U3_I1_1,4.466197183,16.33943662
chem99_start_U3_I2_1,4.409142857,16.67942857
